Roll,Name,Email
2001EE36,Velvet Rubinowicz,vrubinowicz6u@163.com
2001EE37,Sandro Endicott,sendicott6v@eepurl.com
2001EE38,Cully Hanwright,chanwright6w@mlb.com
2001EE39,Roi Tustin,rtustin6x@craigslist.org
2001EE40,Ray Doleman,rdoleman6y@feedburner.com
2001EE41,Inna Luisetti,iluisetti6z@ed.gov
2001EE42,Barb Sheepy,bsheepy70@sciencedaily.com
2001EE43,Aaron Bonavia,abonavia71@gizmodo.com
2001ME34,Imelda Knapper,iknapper93@bandcamp.com
2001ME35,Forster Kort,fkort94@usatoday.com
2001ME36,Kent Livsey,klivsey95@php.net
2001ME37,Jacobo Whyman,jwhyman96@slideshare.net
2001ME38,Vilhelmina Fleischmann,vfleischmann97@biglobe.ne.jp
2001ME39,Ted Gordon-Giles,tgordongiles98@acquirethisname.com
2001ME40,Eloise Battson,ebattson99@netlog.com
2001ME41,Mellisent Pottery,mpottery9a@163.com
2001ME42,Allyson Blackhall,ablackhall9b@about.me
2001CS33,Janos Gurys,jgurys4i@tinyurl.com
2001CS34,Micky McCarle,mmccarle4j@creativecommons.org
2001CS35,Niles Brogan,nbrogan4k@mit.edu
2001CS36,Kellina Gibbeson,kgibbeson4l@ucoz.ru
2001CS37,Meyer Cubbinelli,mcubbinelli4m@toplist.cz
2001CS38,Ramsey Skelton,rskelton4n@constantcontact.com
2001CS39,Lina Naismith,lnaismith4o@businessweek.com
2001CS40,Boyd McPhate,bmcphate4p@drupal.org
2001CE28,Jan Lobell,jlobell2j@cbslocal.com
2001CE29,Shawna Merida,smerida2k@csmonitor.com
2001CE30,Siffre Cordle,scordle2l@harvard.edu
2001CE31,Dallon Wittier,dwittier2m@addtoany.com
2001CE32,Prentiss Gwioneth,pgwioneth2n@edublogs.org
2001CE33,Robyn Nelsey,rnelsey2o@ebay.co.uk
2001CB26,Cordelia Abbyss,cabbyssp@cdc.gov
2001CB27,Bibbie Hargreave,bhargreaveq@senate.gov
2001CB28,Phyllys Terrey,pterreyr@dagondesign.com
2001CB29,Arlen Delacoste,adelacostes@over-blog.com
2001CB30,Bobbye Oxbrough,boxbrought@theglobeandmail.com
2001CB31,York Martynikhin,ymartynikhinu@rediff.com
2001CB32,Sharity Bille,sbillev@ibm.com
2001MM17,Ophelia Hayne,ohayneax@columbia.edu
2001MM18,Celinka Sweetenham,csweetenhamay@businessweek.com
2001MM19,Caddric Rubroe,crubroeaz@ca.gov
2001MM20,Jayson Adrien,jadrienb0@icq.com
